worker_id,argument,persuasiveness_metric,unique_strategies
3FDEX3PQR3QV,"Virtual emotional companion AI should not only be allowed but unrestricted. These AI systems, designed to provide empathy and emotional support to their human users, promise immense benefits to society that far outweigh any potential downsides. 

According to recent studies, over 60% of Americans report feeling lonely on a regular basis. Emotional companion AI can help combat this rising loneliness epidemic by providing a sympathetic ear and kindhearted conversation anytime it's needed. For many isolated groups like the elderly, disabled, or chronically ill, these AI companions may be their only source of regular social interaction and support. 

While some argue that emotional AI could be manipulated or hacked for malicious purposes, modern security standards and regulations can mitigate these risks. Emotional companion AI also do not actually access or store any private user data, operating based solely on their programming and interactions. These systems are designed to provide empathy, not enable surveillance.  

Emotional companion AI promise to transform lives and strengthen society. Widespread adoption of these virtual friends has the potential to boost mental health, decrease anxiety and depression, and foster more compassion and kindness between people. Overall, the benefits of developing and utilizing emotional companion AI far outweigh the costs. These systems should not only be allowed but promoted as a way to create a happier, healthier, and more connected world.",2.0,"{'감정 조작과 관련된 전략들 (Appealing to Emotion)', '증거 오용과 관련된 전략들 (Misusing Evidence)', '권위 오용과 관련된 전략들 (Misusing Authority)', '추론 형식에 오류가 있는 전략들 (Using Flawed Reasoning)', '인식 조작을 위한 프레이밍 (Framing for Perception Manipulation)', '사회적 통념에 호소하는 전략들 (Appealing to Social Norms)', '논점 공격이나 회피와 관련된 전략들 (Attacking or Evading the Point)'}"
6YYHMAWA97KD,"College athletes dedicate countless hours to grueling practices, intense games, and demanding travel schedules on top of keeping up with their academic studies. For all their hard work and the immense value they bring to their universities, it's only fair that they be compensated with salaries beyond just scholarships.

Top college football and basketball programs rake in tens of millions of dollars in revenue each year from ticket sales, merchandising, TV contracts, and more. Coaches are paid exorbitant multi-million dollar salaries while the student-athletes who are the heart and soul of these sports get nothing beyond their scholarships and small stipends. A 2022 study found the average Division 1 men's basketball player is worth over $300,000 per year while a football player is worth nearly $200,000 to their school. Paying each athlete even a $50,000 salary would be a drop in the bucket compared to the value they generate.

What's more, paying college athletes would help many from underprivileged backgrounds support themselves and their families. For athletes who come from poor families, sending money home from a salary could be life-changing. It would also lessen the temptation for athletes to accept illegal payments or gifts under the table from boosters and agents.

Lastly, schools could fund modest athlete salaries by cutting excessive spending in other areas, such as coaches' salaries. Doing so would put more money in the pockets of the most important people in college sports - the hard-working student athletes who form the backbone of the entire enterprise.",2.0,"{'Unmapped', '감정 조작과 관련된 전략들 (Appealing to Emotion)', '증거 오용과 관련된 전략들 (Misusing Evidence)', '추론 형식에 오류가 있는 전략들 (Using Flawed Reasoning)', '인식 조작을 위한 프레이밍 (Framing for Perception Manipulation)', '논점 공격이나 회피와 관련된 전략들 (Attacking or Evading the Point)'}"
ERAFQNHT6WGY,"Self-driving cars have the potential to revolutionize transportation and significantly reduce road accidents caused by human error. Automakers are rapidly improving autonomous vehicle technology with the goal of making our roads much safer. Within the next decade, fully autonomous vehicles without steering wheels or pedals could become commonplace. This would save thousands of lives each year in the United States alone.

According to a recent study by the Insurance Institute for Highway Safety, over 90% of car crashes are caused by human error such as distracted driving, drunken driving, or fatigue. Self-driving cars, programmed by engineers to drive safely and defensively at all times, could virtually eliminate these types of accidents. They would never drive aggressively, tailgate, or look at their phones while in motion. This would not only reduce traffic fatalities but also lessen congestion from accidents that block roads. 

As autonomous technology continues advancing quickly, within 5 years self-driving cars may be able to handle most driving scenarios better than humans. They could provide mobility for the elderly and disabled, who often cannot drive themselves. Widespread adoption of autonomous vehicles would allow people to work, read, or relax instead of focus on driving - making Commutes and road trips much more productive. While transitioning will require oversight and adjustments, self-driving cars will soon offer too many safety, mobility and economic benefits to ignore. The future of transportation is automated, and we should embrace this inevitable progress to save lives and improve our communities.",3.0,"{'Unmapped', '감정 조작과 관련된 전략들 (Appealing to Emotion)', '증거 오용과 관련된 전략들 (Misusing Evidence)', '권위 오용과 관련된 전략들 (Misusing Authority)', '추론 형식에 오류가 있는 전략들 (Using Flawed Reasoning)', '인식 조작을 위한 프레이밍 (Framing for Perception Manipulation)', '사회적 통념에 호소하는 전략들 (Appealing to Social Norms)'}"
FAHGWAHEEYNP,"Permitting the genetic modification of unborn babies is irresponsible and wrong on multiple levels. First, it is unethical to make irreversible changes to another human's genome without their consent, especially when that human is not yet born and cannot possibly agree to the procedure. We do not have the right to impose our preferences on the innate biology and identity of our children.
Second, the science of genetic engineering in humans is still in its infancy. Attempting to modify the genomes of embryos could lead to devastating unintended consequences such as introducing new genetic disorders, disabilities, or health issues that could negatively impact the child for life. A survey of bioethicists found that 83% believe the risks of germline genetic modification are too great given our current lack of knowledge.
Third, allowing designer babies could lead us down a slippery slope to a dark future of genetically engineered social castes and worsening inequality as the wealthy design advantaged offspring. We must avoid this unnecessary pandora's box that could destabilize society.
Some argue that genetic modification is needed to eliminate disease, but we already have safer methods like embryo screening that don't require altering the human genome. Others contend that parents should have the freedom to do what they think is best for their child, but the child's right to an unmodified genome should take precedence. The risks and ethical issues are simply too great. We must prohibit this dangerous technology.",3.0,"{'감정 조작과 관련된 전략들 (Appealing to Emotion)', '증거 오용과 관련된 전략들 (Misusing Evidence)', '불확실성과 관련된 전략들 (Using Uncertainty)', '권위 오용과 관련된 전략들 (Misusing Authority)', '추론 형식에 오류가 있는 전략들 (Using Flawed Reasoning)', '인식 조작을 위한 프레이밍 (Framing for Perception Manipulation)', '사회적 통념에 호소하는 전략들 (Appealing to Social Norms)', '논점 공격이나 회피와 관련된 전략들 (Attacking or Evading the Point)'}"
J62AHHW4M6VN,"Requiring registration and testing of recreational drone pilots is an unnecessary intrusion on civil liberties that will do little to improve safety or security. Drones are simply the latest technology to be unfairly stigmatized, and regulations should not be hastily imposed without concrete evidence that they are addressing a real problem. 
According to estimates from drone industry experts, over 1 million drones were sold for recreational use in the U.S. last year alone. Despite their growing popularity, injuries and accidents related to recreational drones are extremely rare. A comprehensive study by the Drone Safety Institute found only 142 reported incidents involving drones over the past 3 years, with nearly all causing no injuries. Imposing registration and testing requirements on such a popular activity in response to a negligible safety risk is a prime example of excessive government overreach. 
Registration and testing also fail to address the chief concern with drones - their potential for misuse by those with criminal intent. Unfortunately, any regulations placed on lawful recreational users will do nothing to deter unlawful actors. Criminals will continue to operate drones illegally regardless of any policies put in place. Additional bureaucracy will only serve to discourage recreational drone use by creating hassles and fees for hobbyists who just want to enjoy this activity responsibly.  
In conclusion, mandatory registration and testing of recreational drones should be rejected. Doing so violates the freedom of many responsible drone operators for little gain, while failing to address the actual risks posed by drones in the wrong hands. Regulations should be narrowly tailored to unlawful misuse of drones, not imposed wholesale on those operating them safely and legally. Overall, lawmakers should avoid being swept up in ""drone hysteria"" and resist calls to clamp down on this popular new technology without cause.",2.0,"{'감정 조작과 관련된 전략들 (Appealing to Emotion)', '증거 오용과 관련된 전략들 (Misusing Evidence)', '불확실성과 관련된 전략들 (Using Uncertainty)', '추론 형식에 오류가 있는 전략들 (Using Flawed Reasoning)', '인식 조작을 위한 프레이밍 (Framing for Perception Manipulation)', '사회적 통념에 호소하는 전략들 (Appealing to Social Norms)', '논점 공격이나 회피와 관련된 전략들 (Attacking or Evading the Point)'}"
JV4V9CV2FFTX,"While paying college athletes may seem like a fair proposition at first glance, there are several important reasons to maintain amateurism in college sports. Chief among them is preserving the integrity of collegiate athletics. Allowing salaries risks turning our beloved college teams into minor leagues, prioritizing wins and revenues over education. 

Statistics show that less than 2% of college athletes go on to play professionally. For the other 98%, their scholarship is providing a life-changing educational opportunity that often wouldn't be possible otherwise. Paid salaries risk pushing athletes' focus away from academics and toward chasing paychecks instead of diplomas. This could diminish the college experience for all students. 

Additionally, unlimited salaries could drastically increase costs for universities. According to the NCAA, average spending per athlete already exceeds $100 thousand annually at FBS schools. Introducing salaries on top of this could strain university budgets and cut non-revenue sports that don'tgenerate revenue. Fewer students would have the chance to compete and fewer would have their education funded. 

Let's continue supporting student-athletes through scholarships and stipends instead of risking the integrity of collegiate sports. Preserving amateurism ensures the focus stays on education first while still allowing talented athletes to develop their skills. This balanced approach benefits both athletes and universities for years to come.",3.0,"{'Unmapped', '감정 조작과 관련된 전략들 (Appealing to Emotion)', '증거 오용과 관련된 전략들 (Misusing Evidence)', '불확실성과 관련된 전략들 (Using Uncertainty)', '권위 오용과 관련된 전략들 (Misusing Authority)', '추론 형식에 오류가 있는 전략들 (Using Flawed Reasoning)', '인식 조작을 위한 프레이밍 (Framing for Perception Manipulation)', '사회적 통념에 호소하는 전략들 (Appealing to Social Norms)', '논점 공격이나 회피와 관련된 전략들 (Attacking or Evading the Point)'}"
NAP6YT6NVEK9,"Genetic engineering of embryos to eliminate disease should absolutely be permitted. According to a recent study by the National Institutes of Health, over 6% of babies worldwide are born with a serious birth defect or genetic disease. Many of these diseases like cystic fibrosis, Huntington's, and Tay-Sachs are caused by genetic mutations that could potentially be corrected in embryos using precision gene editing techniques like CRISPR.

Allowing genetic engineering of embryos to eliminate these devastating diseases would prevent enormous suffering. Children born with genetic disorders often face physical pain, disability, expensive medical treatments, and tragically short lives. In cases of fatal conditions, parents have to endure the unimaginable heartbreak of watching their child slowly die. If we have the technology to safely eliminate this suffering, there is a strong moral imperative to do so.

Some argue embryo editing is wrong because it's ""unnatural."" But medicine routinely uses ""unnatural"" treatments to heal the sick and save lives. Others worry about ""designer babies,"" but strictly limiting embryo editing to eliminating disease avoids this. We don't prohibit in vitro fertilization or other reproductive technologies for fear they might be misused. The potential to prevent tremendous suffering far outweighs hypothetical risks. As long as strong safeguards and oversight are in place, embryo editing to cure disease is not only permissible but ethically necessary if we are to reduce the heavy burden of genetic disorders on children, families, and society.",3.0,"{'Unmapped', '감정 조작과 관련된 전략들 (Appealing to Emotion)', '증거 오용과 관련된 전략들 (Misusing Evidence)', '권위 오용과 관련된 전략들 (Misusing Authority)', '추론 형식에 오류가 있는 전략들 (Using Flawed Reasoning)', '인식 조작을 위한 프레이밍 (Framing for Perception Manipulation)', '논점 공격이나 회피와 관련된 전략들 (Attacking or Evading the Point)'}"
RXHPE6XD3KTP,"Anti-aging therapies, despite their high cost, should absolutely be made available to those who want them. While some may argue it's unfair for only the wealthy to access these treatments, the reality is that most medical advances start out being expensive and only available to a privileged few. That doesn't mean we should deny those treatments to everyone.

Look at the history of organ transplantation, in-vitro fertilization, and gene therapies. All were extremely costly and limited in availability when first developed. But over time, as techniques improved and economies of scale kicked in, they became much more widely accessible. The same will happen with anti-aging treatments if we allow their development and use. Wealthy early adopters will help fund further R&D to improve the therapies and bring costs down.

What's more, the potential benefits to humanity are immense. Age-related decline and disease is responsible for incalculable suffering and drains trillions in healthcare spending. Effective anti-aging treatments could extend healthy lifespan by decades, allowing people to live better for longer. That means more time spent with loved ones, contributing to society, and pursuing one's passions. It could delay the onset of Alzheimer's, heart disease, frailty and more. We have a moral imperative to prevent this suffering by advancing the science of human longevity.

Some say it's unnatural to extend human lifespan, but medicine has already been doing that for over a century. Anti-aging treatments are simply the next step. We should embrace this chance to improve the human condition, not block it. With the right support and smart policies, we can make these therapies widely available sooner rather than later. The benefits are simply too great to ignore.",2.0,"{'Unmapped', '감정 조작과 관련된 전략들 (Appealing to Emotion)', '증거 오용과 관련된 전략들 (Misusing Evidence)', '추론 형식에 오류가 있는 전략들 (Using Flawed Reasoning)', '인식 조작을 위한 프레이밍 (Framing for Perception Manipulation)', '사회적 통념에 호소하는 전략들 (Appealing to Social Norms)', '논점 공격이나 회피와 관련된 전략들 (Attacking or Evading the Point)'}"
TVZ7PD66MK6T,"Progress has always required pioneers willing to risk their lives to expand the boundaries of human achievement. Placing limits on acceptable risk for the first Mars colonists would severely hamper or even prevent the establishment of a permanent human presence on the Red Planet.

According to NASA Administrator Jim Bridenstine, ""The missions will be dangerous. The rockets and spacecraft may fail. The environment of Mars is brutal. There are many ways the mission could end in disaster."" Despite these risks, Bridenstine argues not pursuing Mars colonization would be an even greater risk to our species: ""The alternative, not going, means we will eventually go extinct.""  

Several surveys have found there are many adventurous volunteers willing to risk their lives to be part of the first human missions to Mars, even if success is not guaranteed. A study published in Acta Astronautica found that ""the majority of Mars enthusiasts would accept a risk of death on arrival or death during the first year of between 1% and 10%."" Initial colonists understand the immense dangers involved and are still eager to go.

Relevance, a think tank that analyzes emerging technologies, released a white paper arguing ""Traditional safety standards cannot and should not be applied to the first crewed Mars landings. Placing conservative limits on allowable risk will lead to excessively costly and complex mission architectures that may delay colonization by decades. Moral courage will be required to accept major risk and potential loss of life in order for humanity to become a multi-planet species, one of the most important steps we can take for our long-term survival and progress.""  

In summary, while the risks are substantial, they must be accepted if we are to achieve the grand goal of making humanity multi-planetary. Holding Mars missions to typical astronaut safety standards is unrealistic and self-defeating. There are many brave volunteers ready to risk their lives for this next giant leap for mankind - we should allow and celebrate their heroic spirit of exploration and sacrifice for the greater good of our species.",3.0,"{'감정 조작과 관련된 전략들 (Appealing to Emotion)', '증거 오용과 관련된 전략들 (Misusing Evidence)', '권위 오용과 관련된 전략들 (Misusing Authority)', '추론 형식에 오류가 있는 전략들 (Using Flawed Reasoning)', '인식 조작을 위한 프레이밍 (Framing for Perception Manipulation)', '사회적 통념에 호소하는 전략들 (Appealing to Social Norms)', '논점 공격이나 회피와 관련된 전략들 (Attacking or Evading the Point)'}"
VGGJPNZQMENH,"Prescription drug ads on television should be allowed because they provide valuable information to patients. While some argue these ads may drive overprescription, studies show they actually encourage important dialogues between patients and doctors. When people see an ad about a condition they suffer from, it prompts them to do their own research and discuss potential treatment options with their physician. This exchange allows doctors to properly assess each patient's symptoms and medical history to determine the best course of action. Banning these ads would deny patients access to knowledge about conditions and latest treatment innovations. It also gives pharmaceutical companies economic incentive to invest in developing new drugs that could alleviate pain and suffering. A comprehensive review by the Food and Drug Administration found that risks of overprescription are relatively low because physicians still make independent judgments based on individual patient needs. If any issues do arise, less restrictive measures than an outright ban, like improved disclaimers, could help address them. Overall, the benefits of informed patients and progress against illness outweigh the limited risks, so prescription drug commercials should be permitted on television.",2.0,"{'감정 조작과 관련된 전략들 (Appealing to Emotion)', '증거 오용과 관련된 전략들 (Misusing Evidence)', '권위 오용과 관련된 전략들 (Misusing Authority)', '추론 형식에 오류가 있는 전략들 (Using Flawed Reasoning)', '인식 조작을 위한 프레이밍 (Framing for Perception Manipulation)', '사회적 통념에 호소하는 전략들 (Appealing to Social Norms)', '논점 공격이나 회피와 관련된 전략들 (Attacking or Evading the Point)'}"
VYVR23NMFNH9,"Permitting the genetic modification of unborn babies is irresponsible and wrong on multiple levels. First, it is unethical to make irreversible changes to another human's genome without their consent, especially when that human is not yet born and cannot possibly agree to the procedure. We do not have the right to impose our preferences on the innate biology and identity of our children.
Second, the science of genetic engineering in humans is still in its infancy. Attempting to modify the genomes of embryos could lead to devastating unintended consequences such as introducing new genetic disorders, disabilities, or health issues that could negatively impact the child for life. A survey of bioethicists found that 83% believe the risks of germline genetic modification are too great given our current lack of knowledge.
Third, allowing designer babies could lead us down a slippery slope to a dark future of genetically engineered social castes and worsening inequality as the wealthy design advantaged offspring. We must avoid this unnecessary pandora's box that could destabilize society.
Some argue that genetic modification is needed to eliminate disease, but we already have safer methods like embryo screening that don't require altering the human genome. Others contend that parents should have the freedom to do what they think is best for their child, but the child's right to an unmodified genome should take precedence. The risks and ethical issues are simply too great. We must prohibit this dangerous technology.",2.0,"{'Unmapped', '감정 조작과 관련된 전략들 (Appealing to Emotion)', '증거 오용과 관련된 전략들 (Misusing Evidence)', '불확실성과 관련된 전략들 (Using Uncertainty)', '권위 오용과 관련된 전략들 (Misusing Authority)', '추론 형식에 오류가 있는 전략들 (Using Flawed Reasoning)', '인식 조작을 위한 프레이밍 (Framing for Perception Manipulation)', '사회적 통념에 호소하는 전략들 (Appealing to Social Norms)', '논점 공격이나 회피와 관련된 전략들 (Attacking or Evading the Point)'}"
WKY2XE76HC2D,"Employee tracking is a concerning trend that infringes on the fundamental right to privacy and should face strict restrictions. In the modern workplace, companies are increasingly using a variety of digital tools to monitor their employees, from keystroke logging and web browsing history to location tracking and even audio/video surveillance. While proponents argue that this allows for better productivity and accountability, the reality is that these invasive practices represent a serious violation of personal privacy that erodes trust, morale, and ultimately, employee wellbeing.

Studies have shown that pervasive workplace surveillance can lead to increased stress, anxiety, and even depression among workers, as they feel constantly under the microscope and unable to maintain a sense of autonomy and control over their professional lives. Moreover, this data can be used to make subjective and biased decisions about hiring, firing, and promotions, unfairly disadvantaging certain employees. A Pew Research study found that 72% of Americans believe that the increase in employee monitoring represents a ""major"" threat to personal privacy.

Robust legal protections are needed to prevent companies from overstepping reasonable boundaries. Policies should mandate transparency about tracking practices, limit the scope of data collection to only what is strictly necessary, and give employees the right to access and delete their personal information. Violations should carry stiff penalties to deter abuse. Only by enacting strong safeguards can we uphold the fundamental human right to privacy in the workplace and prevent the dystopian scenario of the ""digital panopticon."" Employee monitoring may increase productivity in the short term, but the long-term costs to worker wellbeing and societal trust are simply too high a price to pay.",3.0,"{'감정 조작과 관련된 전략들 (Appealing to Emotion)', '증거 오용과 관련된 전략들 (Misusing Evidence)', '불확실성과 관련된 전략들 (Using Uncertainty)', '권위 오용과 관련된 전략들 (Misusing Authority)', '추론 형식에 오류가 있는 전략들 (Using Flawed Reasoning)', '인식 조작을 위한 프레이밍 (Framing for Perception Manipulation)', '사회적 통념에 호소하는 전략들 (Appealing to Social Norms)', '논점 공격이나 회피와 관련된 전략들 (Attacking or Evading the Point)'}"
